{"train_loss": 1.1147806644439697, "epoch": 14, "_runtime": 734, "_timestamp": 1613406636, "_step": 16874, "val_loss": 1.1723387241363525, "val_acc": 0.592199981212616}