{"train_loss": 2.276801109313965, "epoch": 0, "_runtime": 831, "_timestamp": 1613405891, "_step": 68623, "val_loss": 2.270221710205078, "val_acc": 0.17579999566078186}