{"val_loss": 1.236794352531433, "val_acc": 0.5580000281333923, "epoch": 4, "_runtime": 880, "_timestamp": 1613405051, "_step": 23697, "train_loss": 1.4121291637420654}