{"train_loss": 1.0498756170272827, "epoch": 14, "_runtime": 394, "_timestamp": 1613407039, "_step": 16849, "val_loss": 1.147929310798645, "val_acc": 0.5889999866485596}